{
  "_format": "hh-sol-cache-2",
  "files": {
    "/Users/sania/Downloads/DeVy/employerwallet/contracts/Multisig.sol": {
      "lastModificationDate": 1711821641922,
      "contentHash": "91657abb7edc826505b39c2e8ef69b23",
      "sourceName": "contracts/Multisig.sol",
      "solcConfig": {
        "version": "0.8.24",
        "settings": {
          "evmVersion": "paris",
          "optimizer": {
            "enabled": false,
            "runs": 200
          },
          "outputSelection": {
            "*": {
              "*": [
                "abi",
                "evm.bytecode",
                "evm.deployedBytecode",
                "evm.methodIdentifiers",
                "metadata"
              ],
              "": [
                "ast"
              ]
            }
          }
        }
      },
      "imports": [],
      "versionPragmas": [
        "^0.8.1"
      ],
      "artifacts": [
        "Multisig"
      ]
    }
  }
}
